{
  "weights": {
    "base": 0.0,
    "market": 0.05,
    "xgb": 0.0,
    "mlp": 0.0
  },
  "late_val_logloss": 0.9602779332942968,
  "mlp_allowed": false,
  "mlp_gate": {
    "late_mlp_logloss": 0.9757366135841421,
    "late_market_logloss": 0.9602779332942968,
    "margin_required": 0.002
  }
}